ID,FirstName,LastName,Department
P001,William,Williams,English
P002,Jane,Lee,Mathematics
P003,Lauren,Jackson,History
P004,Michael,Hernandez,English
P005,Amanda,Johnson,Computer Science
P006,David,Rodriguez,English
P007,John,Wilson,Finance
P008,John,Johnson,Accounting
P009,Laura,Lopez,Chemistry
P010,Stephanie,Brown,Marketing
P011,Amanda,Lee,Mathematics
P012,John,Martinez,Anthropology
P013,Elizabeth,Brown,Physics
P014,Laura,Perez,Computer Science
P015,Sarah,Jones,Electrical Engineering
P016,Robert,Moore,History
P017,Jessica,Gonzalez,Marketing
P018,Robert,Thompson,Accounting
P019,Melissa,Rodriguez,Electrical Engineering
P020,Emily,Gonzalez,Finance
P021,Jason,Gonzalez,Accounting
P022,James,Lopez,Physics
P023,Robert,Lopez,Computer Science
P024,Emily,Gonzalez,Marketing
P025,Brian,Brown,Marketing
P026,Christopher,Jackson,Electrical Engineering
P027,Laura,Thomas,Finance
P028,Lauren,Martinez,Biology
P029,Amanda,Lopez,Anthropology
P030,Joseph,Thomas,Biology
P031,Matthew,Harris,History
P032,Jessica,Harris,Accounting
P033,Christopher,Smith,Computer Science
P034,Sarah,Martinez,Finance
P035,Andrew,Moore,Biology
P036,Emily,Thompson,Accounting
P037,Christopher,Garcia,Marketing
P038,Nicole,Garcia,Biology
P039,John,Jones,Biology
P040,Melissa,Martinez,History
P041,Michael,Hernandez,Finance
P042,Christopher,White,Chemistry
P043,Daniel,Williams,Biology
P044,Christopher,White,Finance
P045,Andrew,Perez,Electrical Engineering
P046,Jane,Davis,Computer Science
P047,Andrew,Perez,Chemistry
P048,Jessica,Moore,History
P049,Brian,Lee,Electrical Engineering
P050,William,Martinez,History
